Service,Details,Stack
Automation & Workflow Design,"End-to-end automation setups between apps, with smart triggers and logic for seamless business processes","Zapier, n8n, Open-Ai, Slack, Google Workspace"
Web Development,"Custom, high-performance websites with animations, interactive UI, and mobile optimization","React, Next.js, Framer, Tailwind CSS"
Mobile App Development,"Cross-platform apps with user auth, subscriptions, and backend integration","React, Firebase, Stripe"
E-Commerce Solutions,"Custom E-Commerce stores, headless setups, and automated product listing creation","Shopify, Webflow, Stripe"
Data Visualization & Reporting,"Interactive dashboards, heat maps, and PDF data reports","LucidChart, React"
Creative & Design Services,"Brand identity, logos, motion graphics, and interactive 3D visuals","Figma, Adobe Suite, Blender, Three.js"
AI / LLM Integrations,"AI-driven chatbots, predictive analytics, and sports performance models","OpenAI API, Python, Firebase"
Consulting & Technical Support,"Tech stack planning, troubleshooting, and training for in-house teams","Notion, Google Sheets, Vercel, Zapier, Salesforce, Slack"
CRM Assistance & Optimization,"Setup, customization, and optimization of CRM platforms for lead tracking, pipeline management, and automation","Salesforce, Zapier, Google Sheets"
Content Management & SEO,"Website content structuring, on-page SEO optimization, and analytics integration for improved search visibility","Google Search Console, Google Analytics 4, SEMrush"
Data Migration & Integration,"Secure migration of data between platforms with validation, cleanup, and integration into existing workflows","Google Sheets, Airtable, Zapier, n8n, AWS, BigQuery"